{"stats":{"minecraft:mined":{"minecraft:grass":1,"minecraft:grass_block":4,"minecraft:dirt":4},"minecraft:picked_up":{"minecraft:wheat_seeds":1,"minecraft:dirt":8},"minecraft:dropped":{"minecraft:wheat_seeds":1},"minecraft:custom":{"minecraft:jump":39,"minecraft:time_since_rest":3307,"minecraft:leave_game":1,"minecraft:sprint_one_cm":2194,"minecraft:play_time":3307,"minecraft:damage_taken":70,"minecraft:time_since_death":3307,"minecraft:walk_one_cm":4804,"minecraft:total_world_time":3307,"minecraft:drop":1,"minecraft:fall_one_cm":1668,"minecraft:fly_one_cm":2226}},"DataVersion":3465}