{"stats":{"minecraft:killed_by":{"minecraft:player":2},"minecraft:custom":{"minecraft:jump":229,"minecraft:time_since_rest":1764,"minecraft:leave_game":1,"minecraft:damage_dealt":428,"minecraft:deaths":2,"minecraft:sprint_one_cm":6735,"minecraft:play_time":5867,"minecraft:damage_taken":647,"minecraft:time_since_death":1716,"minecraft:walk_one_cm":22734,"minecraft:total_world_time":5867,"minecraft:fall_one_cm":6511,"minecraft:fly_one_cm":7676,"minecraft:player_kills":2},"minecraft:picked_up":{"minecraft:wheat_seeds":1,"minecraft:dirt":3}},"DataVersion":3465}