{"stats":{"minecraft:killed_by":{"minecraft:player":2,"minecraft:spider":1},"minecraft:mined":{"minecraft:large_fern":7,"minecraft:grass_block":7,"minecraft:dirt":2,"minecraft:packed_ice":2},"minecraft:custom":{"minecraft:jump":188,"minecraft:time_since_rest":454,"minecraft:deaths":3,"minecraft:damage_dealt":305,"minecraft:crouch_one_cm":2,"minecraft:sprint_one_cm":9541,"minecraft:play_time":6685,"minecraft:damage_taken":892,"minecraft:time_since_death":424,"minecraft:walk_one_cm":15937,"minecraft:sneak_time":41,"minecraft:total_world_time":6685,"minecraft:player_kills":2,"minecraft:fall_one_cm":10072,"minecraft:fly_one_cm":18959},"minecraft:used":{"minecraft:dirt":6},"minecraft:picked_up":{"minecraft:wheat_seeds":1,"minecraft:dirt":9}},"DataVersion":3465}